[{"@type":"mtTask","id":"@1","name":"mt_ACTCUSTOMERS_DIM_load","description":"","runtimeEnvironmentId":"@0uCsppghlm2iLGymCQQtgC","maxLogs":10,"verbose":false,"mappingId":"@3CvTLi4N64nj9P8gaw4PUl","shortDescription":"","sessionPropertiesList":[],"enableCrossSchemaPushdown":true,"enableParallelRun":false,"autoTunedApplied":false,"autoTunedAppliedType":"NONE","paramFileType":"PARAM_FILE_LOCAL","schemaMode":"async","parameterFileEncoding":"UTF-8","serverlessProperties":{},"taskProperties":[{"@type":"taskProperty","name":"parameterFileDir","currentValue":"","type":"STRING","label":"label.parameterFileDir","required":false},{"@type":"taskProperty","name":"parameterFileName","currentValue":"","type":"STRING","label":"label.parameterFileName","required":false}],"parameters":[{"@type":"mtTaskParameter","id":362882488,"name":"$src$","type":"EXTENDED_SOURCE","label":"Source (p_src_conn)","description":"Select source connection or create a new connection connection.","uiProperties":{"connectionParameterized":"true","logcnx":"p_src_conn","isMsrcFilterParameterized":"false","isMsrcSortParameterized":"false","objlabel":"Source","objectParameterized":"true","objDesc":"Select source object to read data from.  Optionally add filtering conditions."},"sourceConnectionId":"@9vf2CYk8LmfkIcNIdoncOa","newFlatFile":false,"newObject":false,"showBusinessNames":true,"naturalOrder":true,"truncateTarget":false,"bulkApiDBTarget":false,"customFuncCfg":{"@type":"customFuncConfig","id":-1,"connections":[],"inputMap":[],"outputFields":[]},"tgtFieldRefs":{},"targetUpdateColumns":[],"extendedObject":{"@type":"extendedObject","object":{"@type":"mObject","name":"ACTCUSTOMERS","label":"ACTCUSTOMERS","metadataUpdated":false,"relations":[],"children":[]},"objects":[{"@type":"mObject","name":"ACTCUSTOMERS","label":"ACTCUSTOMERS","metadataUpdated":false,"relations":[],"children":[]}],"filters":[],"sortFields":[]},"runtimeAttrs":{},"isRESTModernSource":true,"isFileList":false,"handleSpecialChars":false,"frsAsset":false,"dynamicFileName":false,"currentlyProcessedFileName":false,"tgtObjectAttributes":{},"runtimeParameterData":{"@type":"mtTaskRuntimeParameterData","isConnectionRuntimeParameter":false,"isObjectRuntimeParameter":false,"connectionParameterName":"p_src_conn","objectParameterName":"p_src_object"},"overriddenFields":[]},{"@type":"mtTaskParameter","id":362882491,"name":"$src_dimension$","type":"EXTENDED_SOURCE","label":"Slowly Changing Dimension (p_dim_conn)","description":"Select slowly changing dimension connection or create a new connection connection. \\n\\nIt should be the connection where the slowly changing dimension resides.\\n","uiProperties":{"connectionParameterized":"true","logcnx":"p_dim_conn","isMsrcFilterParameterized":"false","isMsrcSortParameterized":"false","objlabel":"Slowly Changing Dimension","objectParameterized":"true","objDesc":"Select the slowly changing dimension. It must be different from the source object."},"sourceConnectionId":"@9vf2CYk8LmfkIcNIdoncOa","newFlatFile":false,"newObject":false,"showBusinessNames":true,"naturalOrder":true,"truncateTarget":false,"bulkApiDBTarget":false,"customFuncCfg":{"@type":"customFuncConfig","id":-1,"connections":[],"inputMap":[],"outputFields":[]},"tgtFieldRefs":{},"targetUpdateColumns":[],"extendedObject":{"@type":"extendedObject","object":{"@type":"mObject","name":"ACTCUSTOMERS_DIM","label":"ACTCUSTOMERS_DIM","metadataUpdated":false,"relations":[],"children":[]},"advancedFilterExpression":"CURRENT_FLAG = 'Y'","objects":[{"@type":"mObject","name":"ACTCUSTOMERS_DIM","label":"ACTCUSTOMERS_DIM","metadataUpdated":false,"relations":[],"children":[]}],"filters":[],"sortFields":[]},"runtimeAttrs":{},"isRESTModernSource":true,"isFileList":false,"handleSpecialChars":false,"frsAsset":false,"dynamicFileName":false,"currentlyProcessedFileName":false,"tgtObjectAttributes":{},"runtimeParameterData":{"@type":"mtTaskRuntimeParameterData","isConnectionRuntimeParameter":false,"isObjectRuntimeParameter":false,"connectionParameterName":"p_dim_conn","objectParameterName":"p_dim_object"},"overriddenFields":[]},{"@type":"mtTaskParameter","id":362882494,"name":"$tgt_dim_ex_insert$","type":"TARGET","label":"Slowly Changing Dimension (p_dim_conn_ex_insert)","description":"Select slowly changing dimension connection. \\n\\nIt should be the connection where the slowly changing dimension resides.","uiProperties":{"connectionParameterized":"true","logcnx":"p_dim_conn_ex_insert","objlabel":"Slowly Changing Dimension for Existing Record Insert","objectParameterized":"true","objDesc":"Select the slowly changing dimension to load data to as insert.\\n\\nThe target must have Insert operation selected with \\'Truncate Table\\' option disabled.","defaultTargetUpdateColumns":"","fieldMappingParameterized":"true","supportApplyDDLChanges":"false"},"targetConnectionId":"@9vf2CYk8LmfkIcNIdoncOa","targetObject":"ACTCUSTOMERS_DIM","targetObjectLabel":"ACTCUSTOMERS_DIM","newFlatFile":false,"newObject":false,"showBusinessNames":true,"naturalOrder":true,"truncateTarget":false,"bulkApiDBTarget":false,"operationType":"Insert","customFuncCfg":{"@type":"customFuncConfig","id":-1,"connections":[],"inputMap":[],"outputFields":[]},"tgtFieldRefs":{},"targetUpdateColumns":[],"extendedObject":{"@type":"extendedObject","filters":[],"sortFields":[]},"runtimeAttrs":{},"isRESTModernSource":true,"isFileList":false,"handleSpecialChars":false,"frsAsset":false,"dynamicFileName":false,"currentlyProcessedFileName":false,"objectName":"ACTCUSTOMERS_DIM","objectLabel":"ACTCUSTOMERS_DIM","tgtObjectAttributes":{},"runtimeParameterData":{"@type":"mtTaskRuntimeParameterData","isConnectionRuntimeParameter":false,"isObjectRuntimeParameter":false,"connectionParameterName":"p_dim_conn_ex_insert","objectParameterName":"p_dim_object_ex_insert"},"overriddenFields":[]},{"@type":"mtTaskParameter","id":362882497,"name":"$tgt_dim_ex_upd$","type":"TARGET","label":"Slowly Changing Dimension (p_dim_conn_ex_update)","description":"Select slowly changing dimension connection. \\n\\nIt should be the connection where the slowly changing dimension resides.","uiProperties":{"connectionParameterized":"true","logcnx":"p_dim_conn_ex_update","objlabel":"Slowly Changing Dimension for Existing Record Update","objectParameterized":"true","objDesc":"Select the slowly changing dimension to load data to as update.  In Update Columns list, select the slowly changing dimension surrogate key field.\\n\\nThe target must have Update operation selected.","defaultTargetUpdateColumns":"","fieldMappingParameterized":"true","supportApplyDDLChanges":"false"},"targetConnectionId":"@9vf2CYk8LmfkIcNIdoncOa","targetObject":"ACTCUSTOMERS_DIM","targetObjectLabel":"ACTCUSTOMERS_DIM","newFlatFile":false,"newObject":false,"showBusinessNames":true,"naturalOrder":true,"truncateTarget":false,"bulkApiDBTarget":false,"operationType":"Update","customFuncCfg":{"@type":"customFuncConfig","id":-1,"connections":[],"inputMap":[],"outputFields":[]},"tgtFieldRefs":{},"targetUpdateColumns":["DIM_ID"],"extendedObject":{"@type":"extendedObject","filters":[],"sortFields":[]},"runtimeAttrs":{},"isRESTModernSource":true,"isFileList":false,"handleSpecialChars":false,"frsAsset":false,"dynamicFileName":false,"currentlyProcessedFileName":false,"objectName":"ACTCUSTOMERS_DIM","objectLabel":"ACTCUSTOMERS_DIM","tgtObjectAttributes":{},"runtimeParameterData":{"@type":"mtTaskRuntimeParameterData","isConnectionRuntimeParameter":false,"isObjectRuntimeParameter":false,"connectionParameterName":"p_dim_conn_ex_update","objectParameterName":"p_dim_object_ex_update"},"overriddenFields":[]},{"@type":"mtTaskParameter","id":362882500,"name":"$tgt_dim_new_insert$","type":"TARGET","label":"Slowly Changing Dimension Connection (p_dim_conn_new_insert)","description":"Select slowly changing dimension connection. \\n\\nIt should be the connection where the slowly changing dimension resides.","uiProperties":{"connectionParameterized":"true","logcnx":"p_dim_conn_new_insert","objlabel":"Slowly Changing Dimension for New Record Insert","objectParameterized":"true","objDesc":"Select the slowly changing dimension to load data to as insert.\\n\\nThe target must have Insert operation selected with \\'Truncate Table\\' option disabled.","defaultTargetUpdateColumns":"","fieldMappingParameterized":"true","supportApplyDDLChanges":"false"},"targetConnectionId":"@9vf2CYk8LmfkIcNIdoncOa","targetObject":"ACTCUSTOMERS_DIM","targetObjectLabel":"ACTCUSTOMERS_DIM","newFlatFile":false,"newObject":false,"showBusinessNames":true,"naturalOrder":true,"truncateTarget":false,"bulkApiDBTarget":false,"operationType":"Insert","customFuncCfg":{"@type":"customFuncConfig","id":-1,"connections":[],"inputMap":[],"outputFields":[]},"tgtFieldRefs":{},"targetUpdateColumns":[],"extendedObject":{"@type":"extendedObject","filters":[],"sortFields":[]},"runtimeAttrs":{},"isRESTModernSource":true,"isFileList":false,"handleSpecialChars":false,"frsAsset":false,"dynamicFileName":false,"currentlyProcessedFileName":false,"objectName":"ACTCUSTOMERS_DIM","objectLabel":"ACTCUSTOMERS_DIM","tgtObjectAttributes":{},"runtimeParameterData":{"@type":"mtTaskRuntimeParameterData","isConnectionRuntimeParameter":false,"isObjectRuntimeParameter":false,"connectionParameterName":"p_dim_conn_new_insert","objectParameterName":"p_dim_object_new_insert"},"overriddenFields":[]},{"@type":"mtTaskParameter","id":362882503,"name":"$p_dim_natural_key$","type":"STRING","text":"DM__CUSTOMER_ID","label":"Slowly Changing Dimension Natural Key (p_dim_natural_key)","description":"Edit the expression to select the slowly changing dimension natural key field(s). The selected field(s) must relate to the source record unique identifier or its primary key.\\n\\nIt can be a single field or multiple fields. For a composite identifier, concatenatate its multiple fields as [field1]||[field2]||[field3]. For example: region_id||customer_id","uiProperties":{"default":"[field1]||[field2]||[field3]","paramtype":"Expression","aggregate":"false","varFuncExpr":"true","udf":"true"},"newFlatFile":false,"newObject":false,"showBusinessNames":true,"naturalOrder":true,"truncateTarget":false,"bulkApiDBTarget":false,"customFuncCfg":{"@type":"customFuncConfig","id":-1,"connections":[],"inputMap":[],"outputFields":[]},"tgtFieldRefs":{},"targetUpdateColumns":[],"runtimeAttrs":{},"isRESTModernSource":true,"isFileList":false,"handleSpecialChars":false,"frsAsset":false,"dynamicFileName":false,"currentlyProcessedFileName":false,"tgtObjectAttributes":{},"runtimeParameterData":{"@type":"mtTaskRuntimeParameterData","isConnectionRuntimeParameter":false,"isObjectRuntimeParameter":false},"overriddenFields":[]},{"@type":"mtTaskParameter","id":362882506,"name":"$p_dim_surrogate_key$","type":"STRING","text":"DM__DIM_ID","label":"Slowly Changing Dimension Surrogate Key (p_dim_surrogate_key)","description":"Edit the expression to select the slowly changing dimension surrogate key field.","uiProperties":{"default":"[field]","paramtype":"Expression","aggregate":"false","varFuncExpr":"true","udf":"true"},"newFlatFile":false,"newObject":false,"showBusinessNames":true,"naturalOrder":true,"truncateTarget":false,"bulkApiDBTarget":false,"customFuncCfg":{"@type":"customFuncConfig","id":-1,"connections":[],"inputMap":[],"outputFields":[]},"tgtFieldRefs":{},"targetUpdateColumns":[],"runtimeAttrs":{},"isRESTModernSource":true,"isFileList":false,"handleSpecialChars":false,"frsAsset":false,"dynamicFileName":false,"currentlyProcessedFileName":false,"tgtObjectAttributes":{},"runtimeParameterData":{"@type":"mtTaskRuntimeParameterData","isConnectionRuntimeParameter":false,"isObjectRuntimeParameter":false},"overriddenFields":[]},{"@type":"mtTaskParameter","id":362882509,"name":"$p_field_map_ex_insert$","type":"STRING","text":"double (15, 0) DIM_ID=NEXTVAL;string (6, 0) CUSTOMER_ID=CUSTOMER_ID;string (30, 0) NAME=NAME;string (60, 0) ADDRESS=ADDRESS;string (30, 0) CITY=CITY;string (2, 0) STATE=STATE;string (5, 0) POSTALCODE=POSTALCODE;string (15, 0) COUNTRY=COUNTRY;string (20, 0) PHONE=PHONE;date/time (29, 9) LAST_ORDER_DT=LAST_ORDER_DT;string (10, 0) STATUS=STATUS;string (5, 0) TIER=TIER;date/time (29, 9) VALID_FROM=INOUT_infa_valid_to_default;date/time (29, 9) VALID_TO=INOUT_infa_valid_to_reset;string (5, 0) CURRENT_FLAG=INOUT_infa_current_flag_Y;string (20, 0) CRC_NUM=INOUT_infa_crc_num_new;","label":"Target Field Map for Existing Record Insert (p_field_map_ex_insert)","description":"Map incoming fields on the left to target fields on the right to insert a new version of an existing record.\\n\\n1. Map \\'NEXTVAL field to the slowly changing dimension surrogate key field\\n2. Map incoming source fields to the slowly changing dimension fields\\n3. Leave the default field mappings as is","uiProperties":{"paramtype":"Fieldmap","supressFieldmappingSuffix":"true","lefttitle":"Incoming Fields","righttitle":"Target Fields","allowPartialOverride":"true","default":"VALID_FROM=INOUT_infa_valid_to_default;VALID_TO=INOUT_infa_valid_to_reset;CURRENT_FLAG=INOUT_infa_current_flag_Y;CRC_NUM=INOUT_infa_crc_num_new;"},"newFlatFile":false,"newObject":false,"showBusinessNames":true,"naturalOrder":true,"truncateTarget":false,"bulkApiDBTarget":false,"customFuncCfg":{"@type":"customFuncConfig","id":-1,"connections":[],"inputMap":[],"outputFields":[]},"tgtFieldRefs":{},"targetUpdateColumns":[],"runtimeAttrs":{},"isRESTModernSource":true,"isFileList":false,"handleSpecialChars":false,"frsAsset":false,"dynamicFileName":false,"currentlyProcessedFileName":false,"tgtObjectAttributes":{},"runtimeParameterData":{"@type":"mtTaskRuntimeParameterData","isConnectionRuntimeParameter":false,"isObjectRuntimeParameter":false},"overriddenFields":[]},{"@type":"mtTaskParameter","id":362882512,"name":"$p_field_map_ex_update$","type":"STRING","text":"double (15, 0) DIM_ID=DIM__infa_surr_key;date/time (29, 9) VALID_TO=INOUT_infa_valid_to_reset;string (5, 0) CURRENT_FLAG=INOUT_infa_current_flag_N;","label":"Target Field Map for Existing Record Update (p_field_map_ex_update)","description":"Map incoming fields on the left to target fields on the right to update the most recent version of existing records\\n\\n1. Map \\'DIM__infa_surr_key\\' field to the slowly changing dimension surrogate key field\\n2. Leave the default field mappings as is","uiProperties":{"paramtype":"Fieldmap","supressFieldmappingSuffix":"true","lefttitle":"Incoming Fields","righttitle":"Target Fields","allowPartialOverride":"true","default":"VALID_TO=INOUT_infa_valid_to_reset;CURRENT_FLAG=INOUT_infa_current_flag_N;"},"newFlatFile":false,"newObject":false,"showBusinessNames":true,"naturalOrder":true,"truncateTarget":false,"bulkApiDBTarget":false,"customFuncCfg":{"@type":"customFuncConfig","id":-1,"connections":[],"inputMap":[],"outputFields":[]},"tgtFieldRefs":{},"targetUpdateColumns":[],"runtimeAttrs":{},"isRESTModernSource":true,"isFileList":false,"handleSpecialChars":false,"frsAsset":false,"dynamicFileName":false,"currentlyProcessedFileName":false,"tgtObjectAttributes":{},"runtimeParameterData":{"@type":"mtTaskRuntimeParameterData","isConnectionRuntimeParameter":false,"isObjectRuntimeParameter":false},"overriddenFields":[]},{"@type":"mtTaskParameter","id":362882515,"name":"$p_field_map_new_insert$","type":"STRING","text":"double (15, 0) DIM_ID=NEXTVAL;string (6, 0) CUSTOMER_ID=CUSTOMER_ID;string (30, 0) NAME=NAME;string (60, 0) ADDRESS=ADDRESS;string (30, 0) CITY=CITY;string (2, 0) STATE=STATE;string (5, 0) POSTALCODE=POSTALCODE;string (15, 0) COUNTRY=COUNTRY;string (20, 0) PHONE=PHONE;date/time (29, 9) LAST_ORDER_DT=LAST_ORDER_DT;string (10, 0) STATUS=STATUS;string (5, 0) TIER=TIER;date/time (29, 9) VALID_FROM=INOUT_infa_valid_from_default;date/time (29, 9) VALID_TO=INOUT_infa_valid_to_default;string (5, 0) CURRENT_FLAG=INOUT_infa_current_flag_Y;string (20, 0) CRC_NUM=INOUT_infa_crc_num_new;","label":"Target Field Map for New Record Insert (p_field_map_new_insert)","description":"Map incoming fields on the left to target fields on the right to insert new records that do not exist yet in the slowly changing dimension.\\n\\n1. Map \\'NEXTVAL field to the slowly changing dimension surrogate key field\\n2. Map incoming source fields to the slowly changing dimension fields\\n3. Leave the default field mappings as is","uiProperties":{"paramtype":"Fieldmap","supressFieldmappingSuffix":"true","lefttitle":"Incoming Fields","righttitle":"Target Fields","allowPartialOverride":"true","default":"VALID_FROM=INOUT_infa_valid_from_default;VALID_TO=INOUT_infa_valid_to_default;CURRENT_FLAG=INOUT_infa_current_flag_Y;CRC_NUM=INOUT_infa_crc_num_new;"},"newFlatFile":false,"newObject":false,"showBusinessNames":true,"naturalOrder":true,"truncateTarget":false,"bulkApiDBTarget":false,"customFuncCfg":{"@type":"customFuncConfig","id":-1,"connections":[],"inputMap":[],"outputFields":[]},"tgtFieldRefs":{},"targetUpdateColumns":[],"runtimeAttrs":{},"isRESTModernSource":true,"isFileList":false,"handleSpecialChars":false,"frsAsset":false,"dynamicFileName":false,"currentlyProcessedFileName":false,"tgtObjectAttributes":{},"runtimeParameterData":{"@type":"mtTaskRuntimeParameterData","isConnectionRuntimeParameter":false,"isObjectRuntimeParameter":false},"overriddenFields":[]},{"@type":"mtTaskParameter","id":362882518,"name":"$p_src_key$","type":"STRING","text":"CUSTOMER_ID","label":"Source Primary Key (p_src_key)","description":"Edit the expression to select the source record unique identifier field(s). \\n\\nIt can be a single field or multiple fields. For a composite identifier, concatenatate its multiple fields as [field1]||[field2]||[field3]. For example: region_id||customer_id","uiProperties":{"default":"[field1]||[field2]||[field3]","paramtype":"Expression","aggregate":"false","varFuncExpr":"true","udf":"true"},"newFlatFile":false,"newObject":false,"showBusinessNames":true,"naturalOrder":true,"truncateTarget":false,"bulkApiDBTarget":false,"customFuncCfg":{"@type":"customFuncConfig","id":-1,"connections":[],"inputMap":[],"outputFields":[]},"tgtFieldRefs":{},"targetUpdateColumns":[],"runtimeAttrs":{},"isRESTModernSource":true,"isFileList":false,"handleSpecialChars":false,"frsAsset":false,"dynamicFileName":false,"currentlyProcessedFileName":false,"tgtObjectAttributes":{},"runtimeParameterData":{"@type":"mtTaskRuntimeParameterData","isConnectionRuntimeParameter":false,"isObjectRuntimeParameter":false},"overriddenFields":[]},{"@type":"mtTaskParameter","id":362882521,"name":"$p_src_scd_fields$","type":"STRING","text":"NAME||ADDRESS||CITY||STATE||POSTALCODE||COUNTRY","label":"Source Fields to Track for Changes (p_src_scd_fields)","description":"Edit the expression to select the source fields to track changes for. \\n\\nIt can be a single field or mulitple fields. For multiple fields, conncatenate field names as [field1]||[field2]||[field3]. For example: id||name||address","uiProperties":{"default":"[field1]||[field2]||[field3]","paramtype":"Expression","aggregate":"false","varFuncExpr":"true","udf":"true"},"newFlatFile":false,"newObject":false,"showBusinessNames":true,"naturalOrder":true,"truncateTarget":false,"bulkApiDBTarget":false,"customFuncCfg":{"@type":"customFuncConfig","id":-1,"connections":[],"inputMap":[],"outputFields":[]},"tgtFieldRefs":{},"targetUpdateColumns":[],"runtimeAttrs":{},"isRESTModernSource":true,"isFileList":false,"handleSpecialChars":false,"frsAsset":false,"dynamicFileName":false,"currentlyProcessedFileName":false,"tgtObjectAttributes":{},"runtimeParameterData":{"@type":"mtTaskRuntimeParameterData","isConnectionRuntimeParameter":false,"isObjectRuntimeParameter":false},"overriddenFields":[]}],"sequences":[{"@type":"sequenceDefinition","id":"2884936","txName":"sqc_gen_key","initialValue":"1","currentValue":"139"}],"inOutParameters":[],"connRuntimeAttrs":[]}]